rating,title,review_text,reviewer_name,date,helpful_votes
1,,"IFB 6.5 kg 5 Star with Deep Clean Technology, ActivMix, Powere...",,"Jun, 2022",
,,"IFB 6.5 kg 5 Star with Deep Clean Technology, ActivMix, Powere...",,,
,,"IFB 6.5 kg 5 Star with Deep Clean Technology, ActivMix, Powered by AI, with Aqua Energie, Soft Close Door, Fully Automatic Top Load Washing Machine Black, Grey Reviews",,,
,,"IFB 6.5 kg 5 Star with Deep Clean Technology, ActivMix, Powered by AI, with Aqua Energie, Soft Close Door, Fully Automatic Top Load Washing Machine Black, Grey Reviews",,,
1,,,,,
1,,,,,
,,"Product is great and it is easy to use but only one thing is demo was not given properly, Installation guy didn't provided all info correctly. I request IFB team to train people properly so that it will be useful for users.",,"Jun, 2022",
,,It works wonderfully. Use kf liquid detergent recommended.,,"Apr, 2021",
,,Product is good but service is not satisfactory.IFB agent/technician misguide us and sell us an extarlnal filters of 2600 although filter is buil in in the machine.,,"Dec, 2022",
,,"This is my second ifb. Five years back I purchased one for my mom. Now I went for my wife. Nice product. The same day the installation was done. Even the installation fitted the right tap in my rented house and brought extra length pipe of 3 metres for the connection. They are really capable service person. I appreciate them. Only issue is the add on product like stand, cover, water softener, powder, electrical protector sold by ifb installation person is at MRP cost. It would be nice, if the...",,"Jul, 2022",
,,"Washing Machine works very well ,Cleans very even collar dirt. And its very user friendly. its smart sensing technology automatically detect the type of clothes in the machine and selects the ideal wash type it needs.",,"Feb, 2022",
,,Good quality washing machine with nice design. I recommend this washing machine.,,"Aug, 2020",
1,,"IFB 6.5 kg 5 Star with Deep Clean Technology, ActivMix, Powere...",,"Jan, 2022",
,,"IFB 6.5 kg 5 Star with Deep Clean Technology, ActivMix, Powere...",,,
,,"IFB 6.5 kg 5 Star with Deep Clean Technology, ActivMix, Powered by AI, with Aqua Energie, Soft Close Door, Fully Automatic Top Load Washing Machine Black, Grey Reviews",,,
,,"IFB 6.5 kg 5 Star with Deep Clean Technology, ActivMix, Powered by AI, with Aqua Energie, Soft Close Door, Fully Automatic Top Load Washing Machine Black, Grey Reviews",,,
1,,,,,
1,,,,,
,,IFB is top most brand for washing machines. I got it for 14900 rs. awesome performance,,"Jun, 2021",
,,Design and colour super performance excellent it‚Äôs worthy,,"Oct, 2021",
,,The best product has wonderful performance with the AI it's working in a more intelligent way. After every wash program quite for a few seconds so that there is not much pressure on the motor. Wash quality satisfactory for me.,,"Oct, 2023",
,,Got the product at 12600 during big billion sales. Makes little noise but we're fine it. So far performance is decent. Overall satisfied with the product,,"Jan, 2021",
1,,"IFB 6.5 kg 5 Star with Deep Clean Technology, ActivMix, Powere...",,"Feb, 2023",
,,"IFB 6.5 kg 5 Star with Deep Clean Technology, ActivMix, Powere...",,,
,,"IFB 6.5 kg 5 Star with Deep Clean Technology, ActivMix, Powered by AI, with Aqua Energie, Soft Close Door, Fully Automatic Top Load Washing Machine Black, Grey Reviews",,,
,,"IFB 6.5 kg 5 Star with Deep Clean Technology, ActivMix, Powered by AI, with Aqua Energie, Soft Close Door, Fully Automatic Top Load Washing Machine Black, Grey Reviews",,,
1,,,,,
1,,,,,
,,I'm using for a month no issues Sure All can buy it,,"Feb, 2023",
,,"Less washing time, more rinse time, heater function works good. Good product",,"Dec, 2023",
,,"It's a good product, we like that product",,"Apr, 2023",
,,Very good value for money quality of the product is also good,,,
,,Dryer is not working properly....tried to spin twice but no use...we can remove excess water with our bare hands than to use this machine...üëé,,", Maraimalainagar",
,,"Installation was delayed by IFB by 8 days. I received on 4th August and installed on 12th , otherwise everything is good. machine is very nice. top loading fully automatic machine is a boon for a working woman.",,"Installation was delayed by IFB by 8 days. I received on 4th August and installed on 12th , otherwise everything is good. machine is very nice. top loading fully automatic machine is a boon for a working woman.",
1,,"IFB 6.5 kg 5 Star with Deep Clean Technology, ActivMix, Powere...",,"Nov, 2023",
,,"IFB 6.5 kg 5 Star with Deep Clean Technology, ActivMix, Powere...",,,
,,"IFB 6.5 kg 5 Star with Deep Clean Technology, ActivMix, Powered by AI, with Aqua Energie, Soft Close Door, Fully Automatic Top Load Washing Machine Black, Grey Reviews",,,
,,"IFB 6.5 kg 5 Star with Deep Clean Technology, ActivMix, Powered by AI, with Aqua Energie, Soft Close Door, Fully Automatic Top Load Washing Machine Black, Grey Reviews",,,
1,,,,,
1,,,,,
,,"Review after 4 month usage, good machine!",,"Jun, 2023",
,,"Bought it for around 12k, value for money even somewhat outdated it works perfectly fine.",,"Apr, 2021",
,,Product is excellent but i got shocked by the installation charges,,"Jun, 2020",
,,Product is good for my expectations eventually I am satisfied from this brand.,,,
,,I highly recommend this washing machine to anyone looking for a reliable and efficient appliance. It's been a fantastic investment for my household.,,,
1,,"IFB 6.5 kg 5 Star with Deep Clean Technology, ActivMix, Powere...",,"Nov, 2023",
,,"IFB 6.5 kg 5 Star with Deep Clean Technology, ActivMix, Powere...",,,
,,"IFB 6.5 kg 5 Star with Deep Clean Technology, ActivMix, Powered by AI, with Aqua Energie, Soft Close Door, Fully Automatic Top Load Washing Machine Black, Grey Reviews",,,
,,"IFB 6.5 kg 5 Star with Deep Clean Technology, ActivMix, Powered by AI, with Aqua Energie, Soft Close Door, Fully Automatic Top Load Washing Machine Black, Grey Reviews",,,
1,,,,,
1,,,,,
,,This product is really awesome üíØ,,"Nov, 2023",
,,Good product and its quality is best,,"Jan, 2022",
,,This is my first washing mashine. I totally satisfied with IFB product.,,"Jan, 2021",
,,It's just perfect for a family of 4 people. Very less noise and easy to use. You won't get confused like other machines. They provide limited options with great functionalityüòä,,"Nov, 2020",
1,,"IFB 6.5 kg 5 Star with Deep Clean Technology, ActivMix, Powere...",,"Jan, 2022",
,,"IFB 6.5 kg 5 Star with Deep Clean Technology, ActivMix, Powere...",,,
,,"IFB 6.5 kg 5 Star with Deep Clean Technology, ActivMix, Powered by AI, with Aqua Energie, Soft Close Door, Fully Automatic Top Load Washing Machine Black, Grey Reviews",,,
,,"IFB 6.5 kg 5 Star with Deep Clean Technology, ActivMix, Powered by AI, with Aqua Energie, Soft Close Door, Fully Automatic Top Load Washing Machine Black, Grey Reviews",,,
1,,,,,
1,,,,,
,,Washing machine noise level very low 3d technology is good. Cloths neat washed  I'm happy this washing machine only water wasted little much other wise very good washing machine ... Tub clean option not available this disadvantages in this machine .other wise good ...,,"Jan, 2022",
,,Though the delivery is good but installation is very bad. Please mention the difference options between delivery and installation.,,"Jul, 2021",
,,Good Washing Machine with Great features.I have also installed IFB water filter cartridge from flipkart with 5 times less cost.,,"Jun, 2021",
,,"The product is nice looking. The delivery was nice. The product is worth the price. The washing quality is kind of okey but not the best if you are addicted to do hand wash. Use the product with 75-80 percent capacity if you need best results. Noise is very low. Dry run makes little higher noise but that is okey. The sensors are best. Autobalance, resume and water intake etc. Takes less water and very low energy consumption. 0.1 unit for 2 hours run. The min cycle time is 30 min called expres...",,"Jan, 2021",
1,,"IFB 6.5 kg 5 Star with Deep Clean Technology, ActivMix, Powere...",,"May, 2023",
,,"IFB 6.5 kg 5 Star with Deep Clean Technology, ActivMix, Powere...",,,
,,"IFB 6.5 kg 5 Star with Deep Clean Technology, ActivMix, Powered by AI, with Aqua Energie, Soft Close Door, Fully Automatic Top Load Washing Machine Black, Grey Reviews",,,
,,"IFB 6.5 kg 5 Star with Deep Clean Technology, ActivMix, Powered by AI, with Aqua Energie, Soft Close Door, Fully Automatic Top Load Washing Machine Black, Grey Reviews",,,
1,,,,,
1,,,,,
,,The product is good but the installation process is very slow please improve.,,,
,,In this price I think best one ...,,"Sep, 2021",
,,Performance wise good,,"Sep, 2021",
,,Good ifb brand washing machine super,,"Aug, 2023",
,,Super product and very nice working,,"Jul, 2020",
1,,"IFB 6.5 kg 5 Star with Deep Clean Technology, ActivMix, Powere...",,"Sep, 2023",
,,"IFB 6.5 kg 5 Star with Deep Clean Technology, ActivMix, Powere...",,,
,,"IFB 6.5 kg 5 Star with Deep Clean Technology, ActivMix, Powered by AI, with Aqua Energie, Soft Close Door, Fully Automatic Top Load Washing Machine Black, Grey Reviews",,,
,,"IFB 6.5 kg 5 Star with Deep Clean Technology, ActivMix, Powered by AI, with Aqua Energie, Soft Close Door, Fully Automatic Top Load Washing Machine Black, Grey Reviews",,,
1,,,,,
1,,,,,
,,Using this for 3months now. Just Go for it. Value for money. Great product üôè,,,
,,Best performance üåπüíõüíöüíöüåπ,,,
,,Very good product satisfied,,"Sep, 2023",
,,"The machine is good. the sound is a little bit high. Good service from company,  same day installation.",,"Jul, 2023",
,,Product is Best but not service sprort,,"Jun, 2023",
,,It works even though water pressure is low.. the quality of washing is amazing..dont hesitate to buy,,"Jun, 2023",
,,"Been using it for nearly 8 months and I didn't encounter any issues. Quality is good, best-in-class warranty and one of the best products in this price.",,"May, 2023",
,,After using for 1week... It's working is grt... Truly amazing,,"May, 2023",
1,,"IFB 6.5 kg 5 Star with Deep Clean Technology, ActivMix, Powere...",,"May, 2023",
,,"IFB 6.5 kg 5 Star with Deep Clean Technology, ActivMix, Powere...",,,
,,"IFB 6.5 kg 5 Star with Deep Clean Technology, ActivMix, Powered by AI, with Aqua Energie, Soft Close Door, Fully Automatic Top Load Washing Machine Black, Grey Reviews",,,
,,"IFB 6.5 kg 5 Star with Deep Clean Technology, ActivMix, Powered by AI, with Aqua Energie, Soft Close Door, Fully Automatic Top Load Washing Machine Black, Grey Reviews",,,
1,,,,,
1,,,,,
,,It's perfect for 2 to 4 people....best product from ifb as usual...go for it,,"May, 2023",
,,Very good quality machine iifb top load,,"May, 2023",
,,amazing product .. i bought 2 machines and both works phenomenal‚Ä¶ go ahead and buy it if u ate looking for a good budget high performance washing machine.,,"Mar, 2023",
,,Nice product. Worth to buy.,,"Jan, 2023",
,,Good fast delivery soo thank full to delivery boy.good response. Thaku for flipkart.,,"Dec, 2021",
,,Very good product and performance...,,"Sep, 2021",
1,,"IFB 6.5 kg 5 Star with Deep Clean Technology, ActivMix, Powere...",,"Sep, 2021",
,,"IFB 6.5 kg 5 Star with Deep Clean Technology, ActivMix, Powere...",,,
,,"IFB 6.5 kg 5 Star with Deep Clean Technology, ActivMix, Powered by AI, with Aqua Energie, Soft Close Door, Fully Automatic Top Load Washing Machine Black, Grey Reviews",,,
,,"IFB 6.5 kg 5 Star with Deep Clean Technology, ActivMix, Powered by AI, with Aqua Energie, Soft Close Door, Fully Automatic Top Load Washing Machine Black, Grey Reviews",,,
1,,,,,
1,,,,,
,,"Excellent working , good one tq flipkart",,"Aug, 2021",
,,Good product for this price,,"May, 2021",
,,Awesome product. Less consumption of water.,,"Nov, 2020",
,,Worest experience ifb use after 10 days and demo not satisfied,,"Nov, 2020",
,,Value for money super washing...,,"Nov, 2020",
,,Good performance and good cleaning worth it,,", Jangaon",
,,Very bad product of IFB after 1month Mechine motor is compliant,,"Aug, 2021",
1,,"IFB 6.5 kg 5 Star with Deep Clean Technology, ActivMix, Powere...",,"Mar, 2021",
,,"IFB 6.5 kg 5 Star with Deep Clean Technology, ActivMix, Powere...",,,
,,"IFB 6.5 kg 5 Star with Deep Clean Technology, ActivMix, Powered by AI, with Aqua Energie, Soft Close Door, Fully Automatic Top Load Washing Machine Black, Grey Reviews",,,
,,"IFB 6.5 kg 5 Star with Deep Clean Technology, ActivMix, Powered by AI, with Aqua Energie, Soft Close Door, Fully Automatic Top Load Washing Machine Black, Grey Reviews",,,
1,,,,,
1,,,,,
,,Product ok but delivery and installation not satisfied,,,
,,Can't wash clothes properly..darts are still there in the cloth after 1 hour of washing with 60 ml arial liquid detergent..it can only clean swatting lines on the clothes..very disapointed,,"Jan, 2021",
,,Received product having dentings on the front side of Machine,,"Mar, 2021",
1,,"IFB 6.5 kg 5 Star with Deep Clean Technology, ActivMix, Powere...",,,
,,"IFB 6.5 kg 5 Star with Deep Clean Technology, ActivMix, Powere...",,,
,,"IFB 6.5 kg 5 Star with Deep Clean Technology, ActivMix, Powered by AI, with Aqua Energie, Soft Close Door, Fully Automatic Top Load Washing Machine Black, Grey Reviews",,,
,,"IFB 6.5 kg 5 Star with Deep Clean Technology, ActivMix, Powered by AI, with Aqua Energie, Soft Close Door, Fully Automatic Top Load Washing Machine Black, Grey Reviews",,,
1,,,,,
1,,,,,
,,IFB really proved value for money.,,,
,,Very good performance,,,
,,IFB machine is Superb .I am very happy to got it. But Installations worker must need communication skills and I bought machine cover IFB its price very high 700 but quilty is low .,,,
,,Product is good but the demo and Installation was worst,,,
,,"Product is nine , machine is doing well , only issue with installation , no one came for installation. I did it my self. Rest ok .",,,
,,Within 2 months of period water sensor not working,,,
,,With in4 months 2 times water motor problems arise.,,,
1,,"IFB 6.5 kg 5 Star with Deep Clean Technology, ActivMix, Powere...",,,
,,"IFB 6.5 kg 5 Star with Deep Clean Technology, ActivMix, Powere...",,,
,,"IFB 6.5 kg 5 Star with Deep Clean Technology, ActivMix, Powered by AI, with Aqua Energie, Soft Close Door, Fully Automatic Top Load Washing Machine Black, Grey Reviews",,,
,,"IFB 6.5 kg 5 Star with Deep Clean Technology, ActivMix, Powered by AI, with Aqua Energie, Soft Close Door, Fully Automatic Top Load Washing Machine Black, Grey Reviews",,,
1,,,,,
1,,,,,
,,Just wonderful loved it,,,
,,1 month after purchase : So far so good. Working well. No issues since purchase. Accessories seem a little expensive.,,,
,,Good one from Flipkart. We can buy since budget friendly,,,
,,First the service is very bad. And the machine doesn't have the features only dry. And the sound of the machine is terrible. Pls don't go for this. Buy something,,,
,,"Very nice design and Colour, Just love it",,,
1,,"IFB 6.5 kg 5 Star with Deep Clean Technology, ActivMix, Powere...",,,
,,"IFB 6.5 kg 5 Star with Deep Clean Technology, ActivMix, Powere...",,,
,,"IFB 6.5 kg 5 Star with Deep Clean Technology, ActivMix, Powered by AI, with Aqua Energie, Soft Close Door, Fully Automatic Top Load Washing Machine Black, Grey Reviews",,,
,,"IFB 6.5 kg 5 Star with Deep Clean Technology, ActivMix, Powered by AI, with Aqua Energie, Soft Close Door, Fully Automatic Top Load Washing Machine Black, Grey Reviews",,,
1,,,,,
1,,,,,
,,It's Very Good üëçüòä‚ù§Ô∏è‚ù§Ô∏è Thanks üôè‚ù§Ô∏è,,,
,,Not working and not replaced,,,
,,Its not a practical product because we are sure that this don't have 7 KG clothes capacity in this machine.,,,
,,Good Washing Machine for this budget.,,,
1,,"IFB 6.5 kg 5 Star with Deep Clean Technology, ActivMix, Powere...",,Janardhana  BONTHU,
,,"IFB 6.5 kg 5 Star with Deep Clean Technology, ActivMix, Powere...",,,
,,"IFB 6.5 kg 5 Star with Deep Clean Technology, ActivMix, Powered by AI, with Aqua Energie, Soft Close Door, Fully Automatic Top Load Washing Machine Black, Grey Reviews",,,
,,"IFB 6.5 kg 5 Star with Deep Clean Technology, ActivMix, Powered by AI, with Aqua Energie, Soft Close Door, Fully Automatic Top Load Washing Machine Black, Grey Reviews",,,
1,,,,,
1,,,,,
,,"IFB, as always deliver Good product. Worth for money.",,,
,,Really good product it's value for money,,,
,,Installation person not guided all the function just check the product and say first you need to change faucet but it can also be used in normal faucet,,,
1,,"IFB 6.5 kg 5 Star with Deep Clean Technology, ActivMix, Powere...",,,
,,"IFB 6.5 kg 5 Star with Deep Clean Technology, ActivMix, Powere...",,,
,,"IFB 6.5 kg 5 Star with Deep Clean Technology, ActivMix, Powered by AI, with Aqua Energie, Soft Close Door, Fully Automatic Top Load Washing Machine Black, Grey Reviews",,,
,,"IFB 6.5 kg 5 Star with Deep Clean Technology, ActivMix, Powered by AI, with Aqua Energie, Soft Close Door, Fully Automatic Top Load Washing Machine Black, Grey Reviews",,,
1,,,,,
1,,,,,
,,Good quality and best design best price in flipkart,,,
,,Product is good but only drawback is... There is no seperate container for comfort and detergent,,,
,,I am really happy to buy ifb product,,,
,,"Great AI feature very nice look sterdy body, excellent performance, value for money product, will edit my review after couple of months..and very timely installation, the technician is also very polite.",,,
,,Nic working and cleaning is good as other washing machine drum is good,,,
1,,"IFB 6.5 kg 5 Star with Deep Clean Technology, ActivMix, Powere...",,Ponnusamy Marimuthu,
,,"IFB 6.5 kg 5 Star with Deep Clean Technology, ActivMix, Powere...",,,
,,"IFB 6.5 kg 5 Star with Deep Clean Technology, ActivMix, Powered by AI, with Aqua Energie, Soft Close Door, Fully Automatic Top Load Washing Machine Black, Grey Reviews",,,
,,"IFB 6.5 kg 5 Star with Deep Clean Technology, ActivMix, Powered by AI, with Aqua Energie, Soft Close Door, Fully Automatic Top Load Washing Machine Black, Grey Reviews",,,
1,,,,,
1,,,,,
,,Thanks to flipkart...,,,
,,Flipkart delivery mc full damage 15 days complete but not support,,Ponnusamy Marimuthu,
,,product is ok but damo and installation are very bad experience for IFB team and technician,,,
,,The product is really good and value for money,,,
,,"Very bad quality machine, I just bought Feb month now my machine is repair",,"Very bad quality machine, I just bought Feb month now my machine is repair",
,,Very nice machine working well and cleaning is easy,,,
1,,"IFB 6.5 kg 5 Star with Deep Clean Technology, ActivMix, Powere...",,Decent product,
,,"IFB 6.5 kg 5 Star with Deep Clean Technology, ActivMix, Powere...",,,
,,"IFB 6.5 kg 5 Star with Deep Clean Technology, ActivMix, Powered by AI, with Aqua Energie, Soft Close Door, Fully Automatic Top Load Washing Machine Black, Grey Reviews",,,
,,"IFB 6.5 kg 5 Star with Deep Clean Technology, ActivMix, Powered by AI, with Aqua Energie, Soft Close Door, Fully Automatic Top Load Washing Machine Black, Grey Reviews",,,
1,,,,,
1,,,,,
,,Very good and valuable product.,,,
,,Good but cost is high,,,
,,Product is very good.,,,
1,,"IFB 6.5 kg 5 Star with Deep Clean Technology, ActivMix, Powere...",,,
,,"IFB 6.5 kg 5 Star with Deep Clean Technology, ActivMix, Powere...",,,
,,"IFB 6.5 kg 5 Star with Deep Clean Technology, ActivMix, Powered by AI, with Aqua Energie, Soft Close Door, Fully Automatic Top Load Washing Machine Black, Grey Reviews",,,
,,"IFB 6.5 kg 5 Star with Deep Clean Technology, ActivMix, Powered by AI, with Aqua Energie, Soft Close Door, Fully Automatic Top Load Washing Machine Black, Grey Reviews",,,
1,,,,,
1,,,,,
,,Too much noise.. not recommended please....to go for any other brands,,,
,,This product value for money,,,
,,Nice and good. Washing good and.low noise,,,
1,,"IFB 6.5 kg 5 Star with Deep Clean Technology, ActivMix, Powere...",,,
,,"IFB 6.5 kg 5 Star with Deep Clean Technology, ActivMix, Powere...",,,
,,"IFB 6.5 kg 5 Star with Deep Clean Technology, ActivMix, Powered by AI, with Aqua Energie, Soft Close Door, Fully Automatic Top Load Washing Machine Black, Grey Reviews",,,
,,"IFB 6.5 kg 5 Star with Deep Clean Technology, ActivMix, Powered by AI, with Aqua Energie, Soft Close Door, Fully Automatic Top Load Washing Machine Black, Grey Reviews",,,
1,,,,,
1,,,,,
,,Machine not working at 11 to 3 oclock machine displey show AEC error this regarding i call service person his said electric problem. Genualy electric problem so not working other timing.,,,
,,Very bad making noise in starting days I have purchased this 10 days before,,,
1,,"IFB 6.5 kg 5 Star with Deep Clean Technology, ActivMix, Powere...",,,
,,"IFB 6.5 kg 5 Star with Deep Clean Technology, ActivMix, Powere...",,,
,,"IFB 6.5 kg 5 Star with Deep Clean Technology, ActivMix, Powered by AI, with Aqua Energie, Soft Close Door, Fully Automatic Top Load Washing Machine Black, Grey Reviews",,,
,,"IFB 6.5 kg 5 Star with Deep Clean Technology, ActivMix, Powered by AI, with Aqua Energie, Soft Close Door, Fully Automatic Top Load Washing Machine Black, Grey Reviews",,,
1,,,,,
1,,,,,
,,"Product nice. While Installation person sells water conveter hard to soft,stand, cover, washing liquid and gives review by self üòäüòäand 5küòÅüòÅ",,,
,,It's not a good one the machines stops working few months not so good,,,
,,It's just been 2 months and had to complain 3 times every 15 days new problem I sick and tired of this machine I do not recommend any to buy this waste of money,,,
,,Nice Product Value For Money... Iam Fully Satisfied Thanks to Flipkart and IFB.,,,
,,"It's the worst experience on the date of my life , not to explain words.",,,
,,Waste product highly maintainance the installation person is telling ur purchase stabilizer etc,,,
1,,"IFB 6.5 kg 5 Star with Deep Clean Technology, ActivMix, Powere...",,Decent product,
,,"IFB 6.5 kg 5 Star with Deep Clean Technology, ActivMix, Powere...",,,
,,"IFB 6.5 kg 5 Star with Deep Clean Technology, ActivMix, Powered by AI, with Aqua Energie, Soft Close Door, Fully Automatic Top Load Washing Machine Black, Grey Reviews",,,
,,"IFB 6.5 kg 5 Star with Deep Clean Technology, ActivMix, Powered by AI, with Aqua Energie, Soft Close Door, Fully Automatic Top Load Washing Machine Black, Grey Reviews",,,
1,,,,,
1,,,,,
,,"Product is great and it is easy to use When it delivered, within 1 day the installation is completed.",,,
,,This budget we can choose samsung or lg.atgise give a basic varient but more effective at this price level,,Decent product,
,,"Good product, just makes some noise then expected",,,
,,"This is good product, and it works good üëç",,,
,,Good Product. Worst Installation ( Technician),,,
,,This product is not satisfied because clothes are not clean money waste every one no purchase this item.,,,
1,,"IFB 6.5 kg 5 Star with Deep Clean Technology, ActivMix, Powere...",,,
,,"IFB 6.5 kg 5 Star with Deep Clean Technology, ActivMix, Powere...",,,
,,"IFB 6.5 kg 5 Star with Deep Clean Technology, ActivMix, Powered by AI, with Aqua Energie, Soft Close Door, Fully Automatic Top Load Washing Machine Black, Grey Reviews",,,
,,"IFB 6.5 kg 5 Star with Deep Clean Technology, ActivMix, Powered by AI, with Aqua Energie, Soft Close Door, Fully Automatic Top Load Washing Machine Black, Grey Reviews",,,
1,,,,,
1,,,,,
,,Cheapest price compared to croma and reliance digital,,,
,,Amazing finish from ifb,,,
,,Right item original good looking no damage sand care fully.,,,
,,Within 3 months of purchase motor failed and replacement is not happening for last 3 weeks,,,
1,,"IFB 6.5 kg 5 Star with Deep Clean Technology, ActivMix, Powere...",,,
,,"IFB 6.5 kg 5 Star with Deep Clean Technology, ActivMix, Powere...",,,
,,"IFB 6.5 kg 5 Star with Deep Clean Technology, ActivMix, Powered by AI, with Aqua Energie, Soft Close Door, Fully Automatic Top Load Washing Machine Black, Grey Reviews",,,
,,"IFB 6.5 kg 5 Star with Deep Clean Technology, ActivMix, Powered by AI, with Aqua Energie, Soft Close Door, Fully Automatic Top Load Washing Machine Black, Grey Reviews",,,
1,,,,,
1,,,,,
,,Value for money ifb best wash quality,,,
,,Not working ofter one month,,,
,,"Best in its range, performance is out of expectation, best üëç worth to buy, go for it. üëç",,,
1,,"IFB 6.5 kg 5 Star with Deep Clean Technology, ActivMix, Powere...",,,
,,"IFB 6.5 kg 5 Star with Deep Clean Technology, ActivMix, Powere...",,,
,,"IFB 6.5 kg 5 Star with Deep Clean Technology, ActivMix, Powered by AI, with Aqua Energie, Soft Close Door, Fully Automatic Top Load Washing Machine Black, Grey Reviews",,,
,,"IFB 6.5 kg 5 Star with Deep Clean Technology, ActivMix, Powered by AI, with Aqua Energie, Soft Close Door, Fully Automatic Top Load Washing Machine Black, Grey Reviews",,,
1,,,,,
1,,,,,
,,More noise and taking more water and taking more time for less cloths and less washing,,,
,,The product is not good..... It's too noisy.....,,,
,,Looks like cheap plastic,,,
,,Within two months the washing machine stopp,,,
,,The machine did not work on day 1 and is still not working,,,
,,"Not upto mark , previous experience was very good",,,
1,,"IFB 6.5 kg 5 Star with Deep Clean Technology, ActivMix, Powere...",,,
,,"IFB 6.5 kg 5 Star with Deep Clean Technology, ActivMix, Powere...",,,
,,"IFB 6.5 kg 5 Star with Deep Clean Technology, ActivMix, Powered by AI, with Aqua Energie, Soft Close Door, Fully Automatic Top Load Washing Machine Black, Grey Reviews",,,
,,"IFB 6.5 kg 5 Star with Deep Clean Technology, ActivMix, Powered by AI, with Aqua Energie, Soft Close Door, Fully Automatic Top Load Washing Machine Black, Grey Reviews",,,
1,,,,,
1,,,,,
,,using efficiently and overall ok machine,,,
,,Product is very NYC but instalation not very good,,,
,,"Well its a very good product, go on with IFB , you will be happy with your purchase like mine ... üëç",,,
,,Nice...explanation superb,,,
1,,"IFB 6.5 kg 5 Star with Deep Clean Technology, ActivMix, Powere...",,,
,,"IFB 6.5 kg 5 Star with Deep Clean Technology, ActivMix, Powere...",,,
,,"IFB 6.5 kg 5 Star with Deep Clean Technology, ActivMix, Powered by AI, with Aqua Energie, Soft Close Door, Fully Automatic Top Load Washing Machine Black, Grey Reviews",,,
,,"IFB 6.5 kg 5 Star with Deep Clean Technology, ActivMix, Powered by AI, with Aqua Energie, Soft Close Door, Fully Automatic Top Load Washing Machine Black, Grey Reviews",,,
1,,,,,
1,,,,,
,,"No installation done till date ie 5/11/2024. Whereas it was to be done on 2)12/2024. In this regard, I made so many calls to customer care of both IFB and Flipkart but to no avail. Very very disappointed.",,,
,,Don't buy this machine 3rd class machine,,,
,,Excellent performance. No issues till date after using 1 week. Detailed review will post after 2 month.,,,
,,Good product nice working,,,
,,"Good machine , i got at great price so i choose ifb.  Fabulous! Machine by Ifb, Bunget Friendly Machine.",,,
,,Awesome ifb + Flipkart....machine is superb . Don't think just buy it .,,,
,,"This is a very good machine. Does the work seamlessly. No matter which type of clothes you're washing, with appropriate settings everything is washed super clean. Washing clothes doesn't feel like a chore anymore.",,,
1,,"IFB 6.5 kg 5 Star with Deep Clean Technology, ActivMix, Powere...",,Decent product,
,,"IFB 6.5 kg 5 Star with Deep Clean Technology, ActivMix, Powere...",,,
,,"IFB 6.5 kg 5 Star with Deep Clean Technology, ActivMix, Powered by AI, with Aqua Energie, Soft Close Door, Fully Automatic Top Load Washing Machine Black, Grey Reviews",,,
,,"IFB 6.5 kg 5 Star with Deep Clean Technology, ActivMix, Powered by AI, with Aqua Energie, Soft Close Door, Fully Automatic Top Load Washing Machine Black, Grey Reviews",,,
1,,,,,
1,,,,,
,,Best product in this range,,,
,,Great service. Good product from Indian company.,,,
,,"Water level problem Even if the water level is full from the setting, the water does not fill full and the machine gets running without water .",,,
,,VERY GOOD PRODUCT...THANKS TO FLIPCART,,,
,,Nice product nd awesome design,,,
,,"Don't buy this product, making more noise and irritating, wash quality is also worst",,,
,,It's really fantastic.must buy this machine,,Decent product,
,,"I have been using this since 1 month. The cleaning quality is worse and it has stopped working after 1 month , it keeps showing Tap/Leap and is not proceeding",,,
1,,"IFB 6.5 kg 5 Star with Deep Clean Technology, ActivMix, Powere...",,,
,,"IFB 6.5 kg 5 Star with Deep Clean Technology, ActivMix, Powere...",,,
,,"IFB 6.5 kg 5 Star with Deep Clean Technology, ActivMix, Powered by AI, with Aqua Energie, Soft Close Door, Fully Automatic Top Load Washing Machine Black, Grey Reviews",,,
,,"IFB 6.5 kg 5 Star with Deep Clean Technology, ActivMix, Powered by AI, with Aqua Energie, Soft Close Door, Fully Automatic Top Load Washing Machine Black, Grey Reviews",,,
1,,,,,
1,,,,,
,,Product is well but installation is wery bad,,,
,,Very Good product nd Service Same day delivery nd installation Thank you Flipkart nd  IFB üëçüèª,,,
,,Water continuously draining in all mode of washing options. Very disappointed with this product,,,
,,Machine is good and very compact,,,
,,Nice product and service is good,,,
,,Nice product from ifb,,,
,,Amazing products working is fast iam at so happy,,,
1,,"IFB 6.5 kg 5 Star with Deep Clean Technology, ActivMix, Powere...",,,
,,"IFB 6.5 kg 5 Star with Deep Clean Technology, ActivMix, Powere...",,,
,,"IFB 6.5 kg 5 Star with Deep Clean Technology, ActivMix, Powered by AI, with Aqua Energie, Soft Close Door, Fully Automatic Top Load Washing Machine Black, Grey Reviews",,,
,,"IFB 6.5 kg 5 Star with Deep Clean Technology, ActivMix, Powered by AI, with Aqua Energie, Soft Close Door, Fully Automatic Top Load Washing Machine Black, Grey Reviews",,,
1,,,,,
1,,,,,
,,Worst company not responsible technician worst don't take this company everyone thank you,,,
,,"The washing machine is ok but it makes a lot of noise compared to my old washing machine that is also an IFB washing machine but program settings and all other options were good in that machine actually I miss my old one as it is very good I used it for more than 12 years, compared with old one it is having very less options that is the reason why I give 3star to design and value for money.",,,
,,Don't buy IFB washing machine not working just after 2 weeks of purchase.Accessories are very costly. Don't buy this AI machine as installation technician told so many conditions to use and for warranty claim.,,,
,,"All Good, But Mechines have more vibrations.",,,
1,,"IFB 6.5 kg 5 Star with Deep Clean Technology, ActivMix, Powere...",,,
,,"IFB 6.5 kg 5 Star with Deep Clean Technology, ActivMix, Powere...",,,
,,"IFB 6.5 kg 5 Star with Deep Clean Technology, ActivMix, Powered by AI, with Aqua Energie, Soft Close Door, Fully Automatic Top Load Washing Machine Black, Grey Reviews",,,
,,"IFB 6.5 kg 5 Star with Deep Clean Technology, ActivMix, Powered by AI, with Aqua Energie, Soft Close Door, Fully Automatic Top Load Washing Machine Black, Grey Reviews",,,
1,,,,,
1,,,,,
,,Last month I used a good product..I recommend,,,
,,Product was really very good quick wash very quick.,,,
,,I bought in 2021 and till now i have replaced the drum disc once and now the spin has stopped working. IFB has deteriorated its product quality. Now the service request are also ignored.,,,
,,We are very satisfied this product thank you Flipkart and thank you IFB,,,
,,"It's work good.. an functioning was so easy , my mom learn in 1st time ..I bought just 10-15 day after..I will edit my review after getting 3-4 months experience with machine.",,,
1,,"IFB 6.5 kg 5 Star with Deep Clean Technology, ActivMix, Powere...",,,
,,"IFB 6.5 kg 5 Star with Deep Clean Technology, ActivMix, Powere...",,,
,,"IFB 6.5 kg 5 Star with Deep Clean Technology, ActivMix, Powered by AI, with Aqua Energie, Soft Close Door, Fully Automatic Top Load Washing Machine Black, Grey Reviews",,,
,,"IFB 6.5 kg 5 Star with Deep Clean Technology, ActivMix, Powered by AI, with Aqua Energie, Soft Close Door, Fully Automatic Top Load Washing Machine Black, Grey Reviews",,,
1,,,,,
1,,,,,
,,Good product now my self,,,
,,Washing machine is not clean properly Washing wasting of mo,,,
,,I like the looks of the machine and also it works well. 4 years complete warranty gives peace of mind.,,,
